{"cameraMode":{"drawMode":0,"name":"Shaded","section":"Shading Mode"},"sceneLighting":false,"audioPlay":false,"sceneViewState":{"m_AlwaysRefresh":false,"showFog":true,"showSkybox":false,"showFlares":true,"showImageEffects":true,"showParticleSystems":true,"showVisualEffectGraphs":true,"m_FxEnabled":true},"in2DMode":false,"pivot":{"x":-0.30135345458984377,"y":-0.8710670471191406,"z":0.048091888427734378},"rotation":{"x":0.13998576998710633,"y":-0.8394282460212708,"z":0.2557550370693207,"w":0.45898962020874026},"size":31.011314392089845,"orthographic":false}